loss,mape,val_loss,val_mape
0.03702608495950699,17875.5703125,0.029361354187130928,273.1304016113281
0.025426829233765602,10710.59375,0.027586450800299644,229.52392578125
0.023773090913891792,10096.8740234375,0.025924094021320343,257.9599609375
0.02225530333817005,10124.3837890625,0.023540113121271133,226.18846130371094
0.02012643963098526,8783.96484375,0.020547686144709587,218.47230529785156
0.017881419509649277,9292.76953125,0.018707135692238808,168.21041870117188
0.016804728657007217,9078.697265625,0.01759292185306549,166.81053161621094
0.016345156356692314,7373.06201171875,0.017372848466038704,175.84971618652344
0.016041072085499763,7547.04150390625,0.016797157004475594,165.10516357421875
0.015767108649015427,6474.07421875,0.016979262232780457,173.8997344970703
0.015555852092802525,6207.81005859375,0.016030203551054,146.3717041015625
0.015427052974700928,6728.76318359375,0.016036197543144226,161.2166748046875
0.015302016399800777,5707.1669921875,0.015710491687059402,154.39447021484375
0.015223640017211437,6264.6865234375,0.015614515170454979,150.6688690185547
0.015052195638418198,6033.14697265625,0.015497596003115177,153.70901489257812
0.014864368364214897,6042.76806640625,0.015379690565168858,148.2170867919922
0.014768416061997414,6391.98486328125,0.015186789445579052,148.16162109375
0.014647739008069038,5818.0029296875,0.015316574834287167,156.76364135742188
0.014565298333764076,6027.61669921875,0.014904774725437164,136.34971618652344
0.01433863677084446,6707.5830078125,0.014691423624753952,141.53173828125
0.014208008535206318,4641.6943359375,0.01455081719905138,134.55499267578125
0.014050137251615524,5855.19384765625,0.01449280884116888,151.8887939453125
0.013983990997076035,6665.056640625,0.014137853868305683,140.79893493652344
0.013817879371345043,6677.98974609375,0.013971569016575813,139.92529296875
0.013605314306914806,5976.134765625,0.013736136257648468,142.04441833496094
0.0133582828566432,6177.30029296875,0.013543861918151379,142.79971313476562
0.01301339827477932,5100.3349609375,0.013189862482249737,125.16519165039062
0.012598100118339062,6970.1826171875,0.012382705695927143,133.99005126953125
0.01222311332821846,4810.86865234375,0.011915139853954315,136.80299377441406
0.011781325563788414,6583.33349609375,0.01234924141317606,119.09734344482422
0.01152949407696724,8024.083984375,0.011299049481749535,138.35433959960938
0.01115456409752369,5209.29443359375,0.011037471704185009,127.66841125488281
0.010801571421325207,5130.28125,0.010393903590738773,133.626953125
0.010237504728138447,6073.66064453125,0.009878781624138355,123.86341857910156
0.009596937336027622,5350.916015625,0.009350663051009178,112.41387939453125
0.008736691437661648,4989.53662109375,0.008302123285830021,121.60436248779297
0.007847019471228123,4544.1259765625,0.006901992484927177,103.09889221191406
0.007158290129154921,3543.435546875,0.0060899145901203156,97.9353256225586
0.006621045991778374,4710.65576171875,0.005870245862752199,87.16357421875
0.006202008109539747,3509.03515625,0.0054855612106621265,98.29997253417969
0.005957040935754776,4194.89599609375,0.005213173106312752,82.83185577392578
0.005806129891425371,5495.48046875,0.005052951164543629,76.89663696289062
0.005522312130779028,4294.3623046875,0.0049520679749548435,81.4218521118164
0.005345817189663649,3467.0595703125,0.004946725908666849,89.95344543457031
0.005183006636798382,3271.882568359375,0.004615462385118008,79.6587905883789
0.005095147993415594,3793.586669921875,0.004536674823611975,78.93141174316406
0.004885449074208736,3012.8525390625,0.004492454696446657,73.1950454711914
0.004722468554973602,3307.74609375,0.004274297039955854,73.80535125732422
0.004632739350199699,3879.901611328125,0.004265984520316124,81.62166595458984
0.004552009981125593,3502.786376953125,0.004158311989158392,74.17449188232422
0.004326228518038988,2689.80859375,0.004065756220370531,73.07768249511719
0.004221005830913782,3332.270751953125,0.003929012920707464,72.79853057861328
0.004159837029874325,2950.172119140625,0.003775883000344038,67.86168670654297
0.003995339386165142,3469.340087890625,0.0036951624788343906,62.636959075927734
0.0038892689626663923,2966.49951171875,0.0034961614292114973,64.49146270751953
0.003836558200418949,2429.84130859375,0.003790109883993864,55.975486755371094
0.0036876057274639606,3815.658203125,0.0036727406550198793,61.91107177734375
0.0036813016049563885,3827.419189453125,0.003312094369903207,57.94054412841797
0.003533636685460806,2471.996337890625,0.003182224230840802,64.89810180664062
0.0034901881590485573,3074.1416015625,0.0031216489151120186,61.31924819946289
0.0033870385959744453,3298.69775390625,0.0030767559073865414,53.936439514160156
0.003279453841969371,2483.968994140625,0.0028716144151985645,56.288692474365234
0.003261215053498745,3666.9033203125,0.003309085266664624,72.13215637207031
0.0031951728742569685,4681.02197265625,0.0028599596116691828,55.23330307006836
0.0030980997253209352,2736.9296875,0.002842901274561882,58.45806884765625
0.0030567969661206007,3713.56884765625,0.0027469678316265345,57.27595138549805
0.0030045057646930218,3583.634765625,0.0030112764798104763,46.853675842285156
0.0029783318750560284,3415.543701171875,0.00252753053791821,49.453834533691406
0.0028886429499834776,3536.6640625,0.0026401516515761614,57.366390228271484
0.0028260115068405867,3211.25537109375,0.0025378877762705088,45.428653717041016
0.002822769805788994,4647.9326171875,0.002341593848541379,48.53226852416992
0.002788846381008625,3960.925048828125,0.002401818288490176,50.61397933959961
0.0027279562782496214,3115.69482421875,0.0026912458706647158,42.39988327026367
0.002672409638762474,3112.605712890625,0.0023203399032354355,46.10691452026367
0.0026365425437688828,2936.158447265625,0.002218579640612006,48.716800689697266
0.0026359818875789642,3950.951171875,0.002356326673179865,41.008731842041016
0.0026222977321594954,2145.82373046875,0.0024836186785250902,52.64950180053711
0.0025483546778559685,3160.1513671875,0.002220429480075836,43.0447883605957
0.0024981037713587284,2446.14599609375,0.0021021352149546146,41.950653076171875
0.002470668638125062,3113.217041015625,0.0020489925518631935,43.805686950683594
0.002461144234985113,3210.895263671875,0.002056232187896967,41.85085678100586
0.002384310821071267,3186.719482421875,0.002014555735513568,39.58747482299805
0.0023774905130267143,2123.662353515625,0.002012966899201274,38.586463928222656
0.002346588531509042,2286.109619140625,0.0021233127918094397,47.283531188964844
0.002331955824047327,2456.686767578125,0.0020848982967436314,38.07145690917969
0.00232024141587317,2419.292236328125,0.0019888661336153746,40.326969146728516
0.0022865631617605686,3259.5732421875,0.0024942108429968357,33.563026428222656
0.0022032042033970356,1927.7191162109375,0.002188571961596608,45.59052658081055
0.0022111297585070133,2731.771728515625,0.002033374272286892,41.945533752441406
0.0021707501728087664,2479.2900390625,0.0019434138666838408,32.46126174926758
0.002152161207050085,4234.8603515625,0.0018846887396648526,33.47468948364258
0.0021561298053711653,2063.397705078125,0.001766813569702208,40.39887619018555
0.0021002728026360273,3863.0791015625,0.0018218570621684194,37.11188888549805
0.00208939122967422,2400.80078125,0.001913415384478867,32.92997360229492
0.002085381420329213,2547.161376953125,0.0017674873815849423,33.388309478759766
0.0020502894185483456,2762.972900390625,0.0017783927032724023,36.16002655029297
0.002039807615801692,3997.904541015625,0.0017269391100853682,33.809471130371094
0.0019849075470119715,2750.063232421875,0.0018417229875922203,38.36015319824219
0.001983425347134471,2570.5927734375,0.001906268997117877,35.627742767333984
0.0019992042798548937,3859.577880859375,0.0018605749355629086,34.39579391479492
0.0019439593888819218,2934.18603515625,0.0017637667478993535,37.6710319519043
0.001928423997014761,2250.91259765625,0.0018263340461999178,35.06529235839844
0.0019036403391510248,2851.1796875,0.001746190944686532,28.574264526367188
0.0019041004125028849,3754.75634765625,0.0017007989808917046,35.66099166870117
0.0019134015310555696,2790.510498046875,0.0017512408085167408,28.779420852661133
0.0018533921102061868,2849.7275390625,0.0018065455369651318,28.15488624572754
0.0018628542311489582,3848.374267578125,0.002127396408468485,29.33039093017578
0.0018335437634959817,3908.213134765625,0.001612679217942059,30.830976486206055
0.001845247345045209,2583.805419921875,0.001701468601822853,34.764549255371094
0.001787445042282343,2500.474609375,0.0015069461660459638,29.45391845703125
0.0018067146884277463,3023.60546875,0.0017218682914972305,27.896486282348633
0.0017917526420205832,3338.632080078125,0.0019102569203823805,30.15920066833496
0.001786022330634296,2634.46044921875,0.0017871320014819503,28.762264251708984
0.0017746072262525558,2832.21142578125,0.0018490816000849009,26.691375732421875
0.0017800870118662715,3179.208984375,0.0014977959217503667,28.792322158813477
0.0017487083096057177,3051.126708984375,0.0015079795848578215,31.374723434448242
0.0017364099621772766,3461.034423828125,0.0015151621773838997,31.171554565429688
0.0017205497715622187,2532.793212890625,0.0016412263503298163,36.24475860595703
0.0017206678166985512,3019.936767578125,0.00142158311791718,28.698043823242188
0.0016975426115095615,3100.9716796875,0.001429088180884719,28.156906127929688
0.0017098888056352735,2043.8565673828125,0.0017567172180861235,37.62118911743164
0.0017058883095160127,2694.253662109375,0.0014284593053162098,28.47260284423828
0.0016510598361492157,3719.14501953125,0.0014262099284678698,29.73814582824707
0.0016580938827246428,2191.7021484375,0.001463618827983737,27.630847930908203
0.0016467170789837837,3188.429931640625,0.0013839422026649117,28.39446449279785
0.0016337662236765027,2744.302490234375,0.0013911310816183686,28.287334442138672
0.0016604977427050471,3244.176025390625,0.0015916029224172235,32.150428771972656
0.0016390703385695815,2549.25927734375,0.0013900118647143245,28.037195205688477
0.0016560184303671122,2935.357421875,0.0015513788675889373,30.73612403869629
0.0016490984708070755,1648.2760009765625,0.00140235701110214,29.249631881713867
0.0016416128491982818,3120.51513671875,0.001360220485366881,27.87053108215332
0.0016204314306378365,2203.24853515625,0.001543501508422196,31.621734619140625
0.0015901961596682668,2869.5390625,0.0013598132645711303,27.64255714416504
0.001604305929504335,2277.28076171875,0.0014710974646732211,26.976818084716797
0.001576169510371983,3199.5419921875,0.0013804923510178924,27.406911849975586
0.0016003730706870556,3234.270263671875,0.0014163900632411242,27.831375122070312
0.0015667510451748967,3124.575927734375,0.0013403466437011957,26.568628311157227
0.0015730262966826558,2953.164794921875,0.0014012039173394442,27.98938751220703
0.0015584975481033325,2414.59912109375,0.001488784677349031,26.799882888793945
0.0015619577607139945,2742.739990234375,0.0013419942697510123,26.56291389465332
0.001561407116241753,2073.734375,0.0012968844966962934,27.054237365722656
0.0015276961494237185,2319.124267578125,0.001315601053647697,27.39609718322754
0.001537400996312499,3302.850830078125,0.0013067841064184904,25.935678482055664
0.001526928972452879,4209.66748046875,0.001354337320663035,27.715133666992188
0.001530921901576221,2960.5263671875,0.001424142625182867,29.116119384765625
0.0015165770892053843,3975.271240234375,0.0013599825324490666,24.449344635009766
0.0015005696332082152,2685.219970703125,0.0013621100224554539,28.794628143310547
0.0015032518422231078,2837.2568359375,0.0013882454950362444,29.341127395629883
0.0015188534744083881,2228.648193359375,0.001493239076808095,26.704849243164062
0.001497131772339344,2448.3955078125,0.0012510956730693579,26.371767044067383
0.0015202545328065753,2693.203125,0.0014036516658961773,28.82077980041504
0.0015087559586390853,2588.660888671875,0.0014382995432242751,29.782907485961914
0.0015021024737507105,2095.514404296875,0.0015053097158670425,23.887004852294922
0.001481282408349216,2469.45458984375,0.0012972843833267689,27.551921844482422
0.0015043917810544372,2784.467041015625,0.0013042521895840764,26.3773136138916
0.0014682592591270804,2533.628173828125,0.0013054813025519252,25.582727432250977
0.0014616345288231969,3338.73486328125,0.0012872760416939855,25.323001861572266
0.0014860411174595356,2272.51806640625,0.0014667026698589325,24.421483993530273
0.0014704648638144135,2199.22314453125,0.0012410219060257077,27.386293411254883
0.0014659634325653315,3443.7314453125,0.0013267090544104576,24.254196166992188
0.0014329253463074565,2008.2774658203125,0.0012504109181463718,26.51685905456543
0.0014485744759440422,2768.177734375,0.001286182552576065,24.20229148864746
0.0014484606217592955,4077.058349609375,0.0012742266990244389,24.419206619262695
0.001430039876140654,2827.11962890625,0.00122458441182971,25.441503524780273
0.001427551032975316,2606.01171875,0.0012233067536726594,25.180126190185547
0.0014199094148352742,2151.673583984375,0.0012471703812479973,24.567052841186523
0.0014385193353518844,3209.68994140625,0.0013347057392820716,25.408845901489258
0.0014265403151512146,2501.9716796875,0.001205755048431456,24.937917709350586
0.0014275402063503861,3381.97509765625,0.0012163739884272218,25.008106231689453
0.0014099732507020235,2044.543701171875,0.0013239196268841624,23.697113037109375
0.0014012673636898398,2287.16552734375,0.0012558515882119536,24.436643600463867
0.0014221451710909605,2348.1845703125,0.0011958698742091656,24.15567970275879
0.0014008075231686234,2129.053955078125,0.0012099569430574775,25.35777473449707
0.001385736046358943,1973.1978759765625,0.0011918020900338888,24.101396560668945
0.0013995139161124825,2363.843994140625,0.0012966382782906294,26.548973083496094
0.0013723168522119522,2403.034423828125,0.0012363026617094874,23.756166458129883
0.0013877652818337083,2874.9912109375,0.0011793170124292374,26.184852600097656
0.0013834531418979168,2978.372802734375,0.0012093473924323916,24.862529754638672
0.001361915492452681,2029.2288818359375,0.0013029549736529589,22.702598571777344
0.0013764445902779698,4251.177734375,0.0012016294058412313,23.46890640258789
0.0013788744108751416,2042.193359375,0.0012645992683246732,24.800870895385742
0.0013610541354864836,2028.3751220703125,0.001192667055875063,24.481550216674805
0.0013688119361177087,2305.776611328125,0.0012123070191591978,23.85401153564453
0.001364880590699613,2809.545166015625,0.001192388474009931,24.226810455322266
0.001365716103464365,2612.2880859375,0.0011725880904123187,23.35553550720215
0.0013553343014791608,3068.22998046875,0.0012186220847070217,25.112627029418945
0.0013742225710302591,1855.2000732421875,0.001270120032131672,26.65920066833496
0.0013492665020748973,2120.2421875,0.0011517566163092852,23.71976661682129
0.0013495003804564476,3176.39013671875,0.001194907701574266,22.977813720703125
0.0013169312151148915,2839.6630859375,0.0011796819744631648,23.580354690551758
0.001351010985672474,1883.96923828125,0.0012278241338208318,26.748455047607422
0.0013430268736556172,1873.35693359375,0.0011318671749904752,25.37744903564453
0.0013366922503337264,2125.551025390625,0.0011839503422379494,26.913766860961914
0.0013216311344876885,2176.407958984375,0.0013101313961669803,23.014692306518555
0.001316085341386497,1877.8382568359375,0.001248388784006238,25.94356918334961
0.0013217757223173976,2627.14697265625,0.0011827312409877777,23.221149444580078
0.0013253532815724611,1938.73291015625,0.0011940526310354471,22.9914608001709
0.0013381020398810506,1918.365478515625,0.001183253712952137,24.23216438293457
0.001333775115199387,1722.3018798828125,0.0011651748791337013,22.682065963745117
0.0013367371866479516,1732.905517578125,0.0010983803076669574,23.868459701538086
0.0013177794171497226,2471.679931640625,0.0013582775136455894,22.023700714111328
0.00131721212528646,2197.297119140625,0.0012240572832524776,26.01137924194336
0.0013069701381027699,2092.060546875,0.0014530268963426352,24.714183807373047
0.001299918396398425,4229.0234375,0.001166050205938518,23.66478157043457
0.0012829231563955545,1696.748291015625,0.0011814797762781382,22.80428695678711
0.001314684865064919,1940.5172119140625,0.0011094831861555576,23.805694580078125
0.0013012307463213801,1840.080322265625,0.0011849607108160853,26.394227981567383
0.001296828268095851,1798.3184814453125,0.0012469986686483026,25.745466232299805
0.0012742786202579737,2337.841064453125,0.0011251280084252357,23.027597427368164
0.0012809934560209513,1916.764892578125,0.0012064538896083832,22.31775665283203
0.0012908504577353597,1704.2852783203125,0.0011605422478169203,24.77164649963379
0.0012793071800842881,1362.2528076171875,0.001087083830498159,23.748498916625977
0.0012744615087285638,1504.05517578125,0.0014579547569155693,21.595762252807617
0.001295597990974784,2677.41650390625,0.0011264076456427574,24.097126007080078
0.0012816503876820207,1854.9412841796875,0.0010918182088062167,23.41056251525879
0.0012843372533097863,1868.818359375,0.0011705546639859676,22.80470848083496
0.0012714425101876259,1745.31298828125,0.0012291030725464225,24.395177841186523
0.0012773661874234676,1952.313720703125,0.0011636627605184913,24.151378631591797
0.0012770384782925248,1878.3056640625,0.0011471828911453485,22.123632431030273
0.0012707088608294725,2149.749267578125,0.001117406296543777,22.262954711914062
0.0012537329457700253,2122.951171875,0.0012993720592930913,29.2391414642334
0.0012788617750629783,2092.94873046875,0.0010833499254658818,24.22736167907715
0.001257039955817163,2033.0081787109375,0.001115327700972557,23.536914825439453
0.001268230495043099,3359.47705078125,0.0011395824840292335,22.009824752807617
0.0012577568413689733,1691.50537109375,0.0011476376093924046,21.81137466430664
0.0012558316811919212,2275.533935546875,0.001206949818879366,21.84201431274414
0.0012558153830468655,1643.66796875,0.0011188575299456716,22.21465492248535
0.0012631496647372842,1792.6409912109375,0.001071850536391139,21.799732208251953
0.0012408903567120433,1683.6031494140625,0.0011131592327728868,23.479887008666992
0.0012368926545605063,2170.2265625,0.0010660556145012379,23.25201416015625
0.0012525436468422413,1705.980224609375,0.00106631382368505,22.80510902404785
0.0012424581218510866,1692.0738525390625,0.0010988657595589757,24.77947425842285
0.0012372586643323302,1650.4542236328125,0.001137277577072382,21.638614654541016
0.0012438928242772818,1970.88232421875,0.001068538404069841,23.65270233154297
0.0012181148631498218,1986.0614013671875,0.0011921316618099809,21.987966537475586
0.0012407767353579402,1899.626220703125,0.0011994020314887166,24.8863468170166
0.0012254188768565655,1718.77099609375,0.0011575915850698948,22.19496726989746
0.0012288277503103018,2230.73095703125,0.0010803841287270188,22.81592559814453
0.0012291717575863004,1961.1395263671875,0.0011119730770587921,23.42620086669922
0.0012463992461562157,1995.25341796875,0.0010320325382053852,22.417442321777344
0.0012256589252501726,2013.861083984375,0.0010568560101091862,22.741867065429688
0.0012240218929946423,2366.9140625,0.001062230090610683,22.035057067871094
0.0012306278804317117,1693.960693359375,0.001167845563031733,24.738571166992188
0.0012224746169522405,1858.241943359375,0.0011400481453165412,23.301395416259766
0.0012110569514334202,2152.759521484375,0.0010831954423338175,22.83745574951172
0.001222539460286498,2263.374267578125,0.0010713760275393724,21.543611526489258
0.001214630319736898,1878.642333984375,0.0010506405960768461,21.753206253051758
0.0012263417011126876,2229.41845703125,0.001148312701843679,21.63440704345703
0.001220056088641286,2589.46875,0.0011037139920517802,22.285961151123047
0.001180699560791254,1872.2447509765625,0.0011265368666499853,21.153825759887695
0.0011977130779996514,1853.7744140625,0.0010775300906971097,21.482622146606445
0.0011892066104337573,1811.2149658203125,0.0010219326941296458,21.71131706237793
0.0011950633488595486,1533.5140380859375,0.0010791615350171924,22.401744842529297
0.001177600584924221,1501.897216796875,0.0010272975778207183,22.20977783203125
0.0011902190744876862,2024.13818359375,0.0010770597727969289,21.122331619262695
0.0011926580918952823,2633.27392578125,0.0010738226119428873,21.233238220214844
0.0011880664387717843,1165.1925048828125,0.0010423269122838974,22.267864227294922
0.0011874522315338254,2206.782958984375,0.0010268912883475423,22.056636810302734
0.0011916178045794368,2112.5830078125,0.0010997344506904483,23.838176727294922
0.0011910985922440886,1622.525634765625,0.0010242486605420709,21.926509857177734
0.001178424688987434,1350.8975830078125,0.0010787829523906112,23.776405334472656
0.0011864412808790803,2216.284423828125,0.0011303649516776204,20.967660903930664
0.0011878467630594969,2793.9970703125,0.0011315628653392196,24.961793899536133
0.001197365578263998,1602.22265625,0.001105885487049818,20.776044845581055
0.001174003118649125,1943.7138671875,0.001129699987359345,24.354019165039062
0.0011752394493669271,1932.9215087890625,0.0010284306481480598,21.041887283325195
0.0011693948181346059,1724.7001953125,0.001069846679456532,21.558210372924805
0.0011812190059572458,1440.7467041015625,0.0010244987206533551,23.398069381713867
0.0011675955029204488,1975.752685546875,0.0011139572598040104,22.276798248291016
0.001166228554211557,2490.73974609375,0.0010428953683003783,21.21733856201172
0.0011797400657087564,2112.346435546875,0.0010432405397295952,22.08375358581543
0.0011660093441605568,2340.767822265625,0.0011335053713992238,20.675867080688477
0.0011670873500406742,1769.2105712890625,0.0011259863385930657,20.717548370361328
0.0011473681079223752,1319.948486328125,0.0011804623063653708,21.6021728515625
0.0011452354956418276,1771.9554443359375,0.0010111904703080654,20.63589859008789
0.0011548127513378859,1945.9173583984375,0.0010030715493485332,21.643476486206055
0.0011522735003381968,2200.2822265625,0.0010131309973075986,20.722190856933594
0.0011623749742284417,1419.3348388671875,0.0010633687488734722,21.35696792602539
0.0011626654304564,1556.0516357421875,0.0010203958954662085,21.335224151611328
0.0011389600113034248,2110.4072265625,0.0011029992019757628,20.199356079101562
0.0011561326682567596,1492.657470703125,0.0009991724509745836,20.44510269165039
0.0011328044347465038,1840.6358642578125,0.001083163428120315,20.815271377563477
0.0011542076244950294,2147.3896484375,0.0010229807812720537,21.905099868774414
0.001150088501162827,1554.5457763671875,0.0011326847597956657,19.54539680480957
0.00115660997107625,1288.6885986328125,0.000987719977274537,22.22123908996582
0.0011451321188360453,1835.744140625,0.001131139462813735,24.840618133544922
0.0011556331301108003,1516.47607421875,0.0010657964739948511,20.837709426879883
0.0011328320251777768,1756.7200927734375,0.0010014795698225498,21.933012008666992
0.001119408756494522,1463.1595458984375,0.0010213933419436216,20.09780502319336
0.0011379356728866696,1922.7314453125,0.001068068784661591,19.854339599609375
0.0011386108817532659,1324.8760986328125,0.0009868200868368149,19.966968536376953
0.0011475899955257773,2152.476318359375,0.000982022495009005,20.61503791809082
0.0011338748736307025,1493.7874755859375,0.001015778281725943,20.117586135864258
0.0011456797365099192,2362.544921875,0.0010153044713661075,20.044540405273438
0.001137890387326479,2394.634033203125,0.0009543888154439628,20.37856674194336
0.0011080828262493014,1683.2034912109375,0.0009949298109859228,21.39081573486328
0.0011120196431875229,1570.9931640625,0.0010100762592628598,19.888919830322266
0.0011325005907565355,1472.2052001953125,0.0010198430391028523,21.98751449584961
0.001129215583205223,2194.177978515625,0.0010059355990961194,20.554119110107422
0.0011116411769762635,1787.207763671875,0.0009699274087324739,19.814205169677734
0.001128081581555307,1822.22412109375,0.0010423454223200679,21.81216812133789
0.0011153713567182422,2419.348388671875,0.0011391736334189773,20.253501892089844
0.001126798684708774,2026.9693603515625,0.000997826224192977,20.694019317626953
0.0011071220505982637,2340.114990234375,0.001112864469178021,19.629507064819336
0.0011181902373209596,1950.644287109375,0.0010766062187030911,20.821300506591797
0.001124098664149642,1624.8907470703125,0.0009774728678166866,20.98601722717285
0.0011101547861471772,1529.9332275390625,0.0009922569151967764,21.47706413269043
0.0010950593277812004,1093.3714599609375,0.001119432388804853,19.337154388427734
0.00110523565672338,2093.265380859375,0.001057379529811442,20.469541549682617
0.0011104521108791232,2303.48193359375,0.0009412216022610664,21.333751678466797
0.0010891640558838844,2266.760009765625,0.0009727880242280662,19.59133529663086
0.001107730669900775,1223.858154296875,0.0009770890465006232,19.552480697631836
0.0011005852138623595,3070.166748046875,0.0010326156625524163,21.833999633789062
0.0011073399800807238,1383.3302001953125,0.0010173198534175754,19.525033950805664
0.0010879089822992682,1746.174560546875,0.0009618131443858147,19.846599578857422
0.0010997360805049539,1873.0670166015625,0.0010116671910509467,22.041017532348633
0.0010898956097662449,1698.8515625,0.001026609563268721,22.366310119628906
0.0010826662182807922,2005.5860595703125,0.0009759258828125894,21.617382049560547
0.0010933070443570614,1858.899658203125,0.0009619935299269855,19.53032684326172
0.001092350110411644,2363.880859375,0.0010073465527966619,21.41274642944336
0.00109829381108284,1419.88623046875,0.0009858509292826056,20.41499137878418
0.0010954660829156637,1375.7733154296875,0.0009705284028314054,19.77903175354004
0.0010844322387129068,1373.6656494140625,0.0009537127334624529,19.356657028198242
0.001095671788789332,1244.3648681640625,0.0009815454250201583,22.728370666503906
0.0010816360590979457,1990.47216796875,0.0009895707480609417,21.368228912353516
0.0010973657481372356,1777.8157958984375,0.0009839838603511453,18.521610260009766
0.001083156792446971,1846.7105712890625,0.0011039203964173794,20.483989715576172
0.0010704125743359327,2948.53955078125,0.000968193868175149,20.446943283081055
0.0010683781001716852,1712.2913818359375,0.0010754662798717618,22.602663040161133
0.0010848786914721131,1940.1927490234375,0.0009670843719504774,19.327966690063477
0.0010627289302647114,1294.8897705078125,0.0009918682044371963,20.004667282104492
0.0010682933498173952,1678.178955078125,0.0010152914328500628,20.95832633972168
0.0010663587599992752,2201.116455078125,0.0009454560931771994,18.952390670776367
0.0010620435932651162,1553.9820556640625,0.0009410853963345289,19.659961700439453
0.001082644215784967,1396.28125,0.0010083847446367145,19.943140029907227
0.0010766787454485893,1423.2996826171875,0.0009688515565358102,19.582504272460938
0.0010823489865288138,1669.6351318359375,0.000922641484066844,19.851669311523438
0.0010705890599638224,2597.9521484375,0.0009502194006927311,19.551959991455078
0.0010859372559934855,1689.7545166015625,0.0010106434347108006,19.775238037109375
0.0010718688135966659,1560.2889404296875,0.001020554918795824,20.50989532470703
0.0010602460242807865,2338.748291015625,0.0010037727188318968,20.071496963500977
0.001058034598827362,2592.416259765625,0.0009617997566238046,19.744394302368164
0.0010417097946628928,1245.51708984375,0.0009680582443252206,19.61733627319336
0.0010541341034695506,1520.841552734375,0.001003924640826881,22.002492904663086
0.0010692847426980734,1807.5244140625,0.0009809015318751335,20.872573852539062
0.0010627030860632658,1768.033203125,0.0009971195831894875,20.08983612060547
0.0010616054059937596,1661.167236328125,0.001039734692312777,19.719404220581055
0.001071142964065075,1909.580078125,0.0009836044628173113,19.781253814697266
0.001052958075888455,1736.9599609375,0.0010296325199306011,19.550291061401367
0.0010430060792714357,2898.826171875,0.0009302700636908412,20.628480911254883
0.0010444791987538338,1853.662353515625,0.0009108434314839542,19.55314826965332
0.0010689974296838045,1901.5775146484375,0.0009282060782425106,19.735225677490234
0.0010523261735215783,2219.681884765625,0.0010290901409462094,18.421186447143555
0.0010416824370622635,1545.7904052734375,0.001018594834022224,19.187618255615234
0.0010585535783320665,1093.45703125,0.0009150486439466476,19.356508255004883
0.001059125061146915,1706.9013671875,0.0009287253487855196,18.51275634765625
0.001059498987160623,1819.6331787109375,0.0009411082719452679,19.403852462768555
0.001032272819429636,2420.721435546875,0.000962351041380316,19.99898910522461
0.001043429016135633,2168.43603515625,0.001027071150019765,18.79694175720215
0.001047019730322063,1726.991455078125,0.0010117536876350641,20.91509246826172
0.0010384880006313324,1283.8504638671875,0.0009400059934705496,19.91777801513672
0.0010407986119389534,1542.9012451171875,0.0009163780487142503,19.441884994506836
0.0010467132087796926,2191.1767578125,0.00110530573874712,18.577922821044922
0.0010387409711256623,1754.41455078125,0.0009349979227408767,19.992591857910156
0.0010231105843558908,1659.267333984375,0.0009286307613365352,18.749887466430664
0.0010311667574569583,1746.6593017578125,0.0009644277160987258,18.868417739868164
0.0010310205398127437,2048.916748046875,0.0009877268457785249,19.306089401245117
0.0010250704362988472,2168.1025390625,0.000939314195420593,18.80216407775879
0.0010307260090485215,1880.8839111328125,0.0009132895502261817,19.499591827392578
0.0010432477574795485,1801.0828857421875,0.0009159581968560815,19.20317268371582
0.0010187998414039612,2555.157470703125,0.0009641204960644245,18.795686721801758
0.0010399296879768372,1283.890869140625,0.0009381275158375502,18.261669158935547
0.0010104997782036662,1215.9500732421875,0.0009259039652533829,19.353750228881836
0.0010374538833275437,1882.16357421875,0.0009470020304434001,19.503433227539062
0.0010193067137151957,1681.494873046875,0.0009540389874018729,20.584548950195312
0.0010267850011587143,2210.614990234375,0.0008992968942038715,19.435150146484375
0.0010251832427456975,1486.6116943359375,0.0010783190373331308,17.987590789794922
0.0010195737704634666,1388.68017578125,0.0009725186391733587,18.600786209106445
0.0010200683027505875,2654.777587890625,0.00099859107285738,18.645761489868164
0.0010227900929749012,1842.4346923828125,0.0009086747886613011,19.301591873168945
0.0010137800127267838,1894.916259765625,0.0009270892478525639,17.915000915527344
0.001013649976812303,1695.0313720703125,0.0009234799072146416,18.12209129333496
0.0010112989693880081,1462.145751953125,0.0009234821773134172,19.384775161743164
0.0010207737796008587,1355.5537109375,0.0008967162575572729,18.378835678100586
0.0010083623928949237,2522.698486328125,0.0009339217212982476,18.033226013183594
0.0010235090740025043,1156.2381591796875,0.0010328508215025067,17.724660873413086
0.0010175934294238687,2153.326171875,0.0009540993487462401,17.702367782592773
0.0009952696273103356,1583.8331298828125,0.0009605240193195641,18.588275909423828
0.0010083079105243087,1403.880859375,0.0009244407992810011,18.19472312927246
0.0010135265765711665,1778.7470703125,0.000892483803909272,18.341768264770508
0.001028225407935679,1752.0814208984375,0.0008960753912106156,18.553062438964844
0.0010044998489320278,1894.4251708984375,0.0009319682721979916,18.271564483642578
0.00101462472230196,1490.385498046875,0.0009235158213414252,18.479307174682617
0.0010078984778374434,1961.72900390625,0.0008924328139983118,18.192611694335938
0.0010077293263748288,1484.2125244140625,0.0009299315279349685,17.643753051757812
0.0009976710425689816,830.663330078125,0.0010033471044152975,17.993820190429688
0.0009997723391279578,1897.310302734375,0.0008863983093760908,18.444196701049805
0.0010123110841959715,1807.6341552734375,0.0009060748270712793,18.519712448120117
0.0010099419159814715,2233.23388671875,0.0009316383511759341,18.235862731933594
0.0009957001311704516,2144.685791015625,0.0009415663662366569,20.953018188476562
0.0010016781743615866,1330.5648193359375,0.0009115584543906152,17.464107513427734
0.0009881203295663,1735.9871826171875,0.0009198242914862931,19.68240737915039
0.0009884838946163654,1965.8955078125,0.0008904818096198142,18.65755271911621
0.0010138608049601316,1209.09765625,0.0009075279231183231,17.870206832885742
0.0009906664490699768,1384.1104736328125,0.0009050605585798621,18.100378036499023
0.000996470800600946,1915.284423828125,0.0009153186692856252,17.54936408996582
0.0009855476673692465,1451.1044921875,0.0008954093791544437,17.914508819580078
0.000988540006801486,1387.090087890625,0.0009148204699158669,18.19683837890625
0.000994148664176464,1329.344970703125,0.0009566210792399943,19.690502166748047
0.0010013716528192163,2154.110595703125,0.0009746819268912077,18.525251388549805
0.000997331109829247,1600.739501953125,0.000886583118699491,17.79158592224121
0.0009937443537637591,1565.4639892578125,0.0009301749523729086,20.583499908447266
0.0009990596445277333,1633.709716796875,0.0009142530034296215,17.827816009521484
0.000982132856734097,1186.38818359375,0.0009643422090448439,19.89830207824707
0.0009988846722990274,1429.97900390625,0.0009095962741412222,17.53471565246582
0.0009770094184204936,1496.3243408203125,0.0009120370377786458,20.142414093017578
0.0009909915970638394,1807.7767333984375,0.0009042334859259427,18.812639236450195
0.0009845910826697946,1381.4822998046875,0.0009034701506607234,18.327150344848633
0.000993021996691823,1005.9171142578125,0.0008790632709860802,18.15836524963379
0.0009913579560816288,1082.878173828125,0.0009215974714607,18.064130783081055
0.000982100609689951,1585.49169921875,0.0008853628532961011,18.364322662353516
0.0009810897754505277,1557.2994384765625,0.001028195139952004,20.272329330444336
0.000979961478151381,1121.1451416015625,0.0009105987846851349,17.184736251831055
0.0009718196233734488,1780.9569091796875,0.0009128844831138849,18.08891487121582
0.000978198484517634,1893.5462646484375,0.0008983253501355648,17.547603607177734
0.0009696136112324893,1154.05126953125,0.0008943234570324421,17.67350959777832
0.0009907301282510161,1772.3638916015625,0.0009968647500500083,21.229860305786133
0.0009779363172128797,2162.245361328125,0.0008817732450552285,17.956859588623047
0.0009755628416314721,1450.8983154296875,0.0009118497255258262,17.81458854675293
0.0009879510616883636,1619.3314208984375,0.0008911842596717179,17.204345703125
0.000992338638752699,1437.505126953125,0.0009128826786763966,18.00664520263672
0.0009755946230143309,1075.5545654296875,0.0008925796137191355,18.41050148010254
0.0009717719512991607,1468.28759765625,0.0009863045997917652,18.70081901550293
0.0009833428775891662,1108.7178955078125,0.0009016102994792163,17.419221878051758
0.0009665378602221608,2177.625,0.0009141069022007287,17.714130401611328
0.0009731239406391978,1388.1951904296875,0.0008709558751434088,17.406808853149414
0.0009770214091986418,1701.3248291015625,0.0009258595528081059,18.06416893005371
0.0009754265774972737,1343.8643798828125,0.0008726231753826141,17.844072341918945
0.0009768950985744596,1798.8843994140625,0.0008930308395065367,17.647459030151367
0.0009735132334753871,1939.3299560546875,0.0008817629422992468,17.23065757751465
0.0009650985011830926,937.7046508789062,0.0008587135816924274,18.24041175842285
0.0009754010243341327,2329.4619140625,0.000939090910833329,18.354494094848633
0.0009696133784018457,1414.5947265625,0.0009019226999953389,17.387296676635742
0.0009790853364393115,1444.9139404296875,0.0009138293680734932,17.3247013092041
0.000969013839494437,1453.142578125,0.0008583139278925955,17.749197006225586
0.0009644780657254159,1573.90625,0.0008632295066490769,17.5212459564209
0.0009635461028665304,1982.841064453125,0.0008841681410558522,18.402332305908203
0.0009738166118040681,2081.888671875,0.0008978655096143484,18.29868507385254
0.0009791941847652197,1356.5455322265625,0.0009028313215821981,18.813465118408203
0.0009579958859831095,1155.0657958984375,0.0008732942515052855,17.61225128173828
0.0009717261418700218,2452.535888671875,0.0008544532465748489,18.21861457824707
0.0009645299287512898,2807.23095703125,0.0008812600863166153,18.371084213256836
0.000963815429713577,1597.16748046875,0.0009076254791580141,19.925222396850586
0.0009594149887561798,1753.326171875,0.0008399602374993265,17.710981369018555
0.0009639406343922019,1586.2672119140625,0.0008535597007721663,17.644001007080078
0.0009516794816590846,1520.5631103515625,0.0008793192682787776,17.661226272583008
0.0009407699108123779,1416.417724609375,0.0008984814630821347,17.140527725219727
0.0009652036824263632,1445.2745361328125,0.0008875085040926933,16.84508514404297
0.0009536040015518665,1167.1495361328125,0.0009102674666792154,17.552980422973633
0.0009516986319795251,1384.01220703125,0.000916963501367718,17.02373695373535
0.0009777420200407505,2193.31689453125,0.0009132815757766366,17.34406852722168
0.0009544047643430531,2419.214599609375,0.0008610865334048867,17.24786949157715
0.000944869767408818,1345.7552490234375,0.0008835570188239217,17.707435607910156
0.0009545357315801084,1280.56005859375,0.000869820942170918,17.440759658813477
0.000952050497289747,1279.60693359375,0.0008771612192504108,16.68156623840332
0.0009618705953471363,1091.4146728515625,0.0008902857662178576,17.302141189575195
0.000956389878410846,1439.9971923828125,0.0009027805645018816,16.760169982910156
0.0009529121452942491,1486.251708984375,0.0008785942918621004,17.402921676635742
0.000957754731643945,1688.6728515625,0.0009357003727927804,17.411230087280273
0.0009562634513713419,1477.969482421875,0.000864253961481154,18.06632423400879
0.0009389885235577822,1246.1898193359375,0.0008948003523983061,18.460493087768555
0.0009528373484499753,1647.126953125,0.0009072835091501474,18.09345817565918
0.0009417778928764164,1270.7625732421875,0.0008896942599676549,18.952817916870117
0.0009414723026566207,1892.2366943359375,0.0008480456308461726,17.999662399291992
0.0009503161418251693,1450.3095703125,0.0008713682764209807,18.24944305419922
0.0009552683332003653,1011.5166015625,0.0008594405371695757,17.210878372192383
0.0009568060631863773,1407.2547607421875,0.0008898248779587448,17.104171752929688
0.0009534782730042934,1494.433837890625,0.0008978287223726511,17.579843521118164
0.0009374111541546881,1504.954345703125,0.000898555968888104,17.76433563232422
0.0009576447191648185,1345.5953369140625,0.0009488452924415469,18.135229110717773
0.0009466231567785144,1475.104736328125,0.0008916892693378031,17.001605987548828
0.0009416314424015582,1211.3800048828125,0.0008968194597400725,18.244821548461914
0.0009446339099667966,2559.354248046875,0.0009180037886835635,20.112537384033203
0.0009569747489877045,1360.741943359375,0.0008977287216112018,16.8880672454834
0.0009471698431298137,1512.19873046875,0.0008598907734267414,17.09720230102539
0.000936414347961545,2014.18212890625,0.0009713218896649778,17.391813278198242
0.0009374471846967936,1238.5560302734375,0.0008972464711405337,17.459447860717773
0.0009445998002775013,1695.4759521484375,0.0008951242198236287,17.560440063476562
0.0009391303756274283,1450.2374267578125,0.0008779725758358836,17.56983184814453
0.0009400781709700823,1394.08935546875,0.0008574063540436327,17.655635833740234
0.0009412148501724005,1598.14697265625,0.0008689954993315041,17.956296920776367
0.00094050751067698,1448.3642578125,0.0008724959334358573,17.3471622467041
0.0009436216787435114,1902.092529296875,0.0008696883451193571,16.996824264526367
0.0009502221364527941,1432.5552978515625,0.0008611126686446369,17.225059509277344
0.0009355895454064012,1301.00927734375,0.0008578398264944553,17.7699031829834
0.0009236981859430671,1671.7724609375,0.0008742043282836676,16.51848793029785
0.0009289363515563309,972.8929443359375,0.0008684951462782919,17.617874145507812
0.0009185088565573096,1565.914794921875,0.0008492895285598934,17.21518325805664
0.0009325857972726226,2068.839599609375,0.0008486593724228442,17.151817321777344
0.0009410946513526142,1780.776611328125,0.000855537480674684,16.667888641357422
0.0009231942822225392,2042.7801513671875,0.0008386910194531083,16.80854606628418
0.0009307974250987172,1301.10546875,0.000831057142931968,17.133134841918945
0.0009353086352348328,2401.856201171875,0.0009031908120959997,17.045337677001953
0.0009374945657327771,1695.0247802734375,0.0009129175450652838,18.17378807067871
0.0009273580508306623,1909.6248779296875,0.0008470451575703919,17.905515670776367
0.0009324837010353804,1203.078125,0.000893976422958076,17.22911262512207
0.0009311176254414022,1143.380859375,0.0008730273693799973,18.66102409362793
0.0009276735363528132,1504.1324462890625,0.0008516585803590715,16.454761505126953
0.0009319484233856201,2267.092041015625,0.0008426846470683813,17.32737922668457
0.000927250599488616,1946.8201904296875,0.0008427416323684156,18.455976486206055
0.0009343071724288166,2107.11865234375,0.0008488743915222585,17.108997344970703
0.0009124634671024978,1914.989501953125,0.0008437098003923893,17.94574546813965
0.0009271050221286714,1717.7855224609375,0.000875509693287313,16.51604461669922
0.0009269251022487879,1311.94091796875,0.0009036076371558011,17.544240951538086
0.0009210085263475776,1237.565673828125,0.0008396555786021054,17.020322799682617
0.000934857758693397,1023.0460815429688,0.0008518812246620655,17.061166763305664
0.0009274021140299737,2181.80029296875,0.0010105412220582366,16.54302406311035
0.0009259608923457563,2040.644287109375,0.0008717970922589302,17.803070068359375
0.0009367300663143396,1518.2808837890625,0.0008288310491479933,17.096452713012695
0.0009423664305359125,1610.0679931640625,0.0008637338760308921,16.178852081298828
0.0009273960604332387,1342.62939453125,0.0008920375839807093,18.223976135253906
0.0009181142086163163,1233.9984130859375,0.0008729390683583915,16.361684799194336
0.0009199142805300653,1685.248779296875,0.0008740517077967525,18.658010482788086
0.0009155232110060751,1591.4473876953125,0.0008538421243429184,17.56863021850586
0.000936604046728462,1548.008544921875,0.0008444346021860838,17.071443557739258
0.0009233519085682929,2508.137451171875,0.0008896556682884693,17.97350311279297
0.0009237537160515785,1907.155029296875,0.0008723203209228814,17.980533599853516
0.0009209548006765544,1815.4473876953125,0.0008275132859125733,16.775135040283203
0.0009239015053026378,1869.572509765625,0.0008314885781146586,16.84293556213379
0.000914734962861985,1602.4107666015625,0.0008455316419713199,16.618534088134766
0.0009134361753240228,986.18212890625,0.0008455378701910377,16.592121124267578
0.0009180994820781052,1724.6917724609375,0.0008595423423685133,17.910531997680664
0.0009066076599992812,1451.22265625,0.0009131419938057661,17.888256072998047
0.0009177527972497046,1908.173095703125,0.0008901371620595455,17.761920928955078
0.0009098235750570893,1360.6317138671875,0.0008418829529546201,18.3232421875
0.0009138007299043238,1658.2952880859375,0.0008597432170063257,17.922922134399414
0.0009130969410762191,1675.278076171875,0.000877452315762639,16.27604103088379
0.0009150317637249827,1714.715087890625,0.0008619665750302374,16.296342849731445
0.0009108195663429797,1537.5433349609375,0.0008516161469742656,16.996679306030273
0.0009108102531172335,1085.4954833984375,0.000847281829919666,17.6801815032959
0.000907042296603322,1404.13720703125,0.0009284655097872019,16.823814392089844
0.0009092927793972194,2249.53076171875,0.000845282047521323,16.650949478149414
0.000905218708794564,1216.8338623046875,0.0009402308496646583,18.037569046020508
0.0009199890191666782,1600.2103271484375,0.000843120738863945,16.248397827148438
0.0009234866010956466,1449.5255126953125,0.0008326938259415329,16.546558380126953
0.000907671288587153,1870.2017822265625,0.0008821423398330808,16.69490623474121
0.0009149188408628106,1613.9259033203125,0.0008246786892414093,17.02406120300293
0.0009213338489644229,1603.050048828125,0.0008225046913139522,16.965415954589844
0.0009156033047474921,947.9495239257812,0.000882159685716033,16.342403411865234
0.0009023966267704964,1326.827880859375,0.0008219105075113475,18.015636444091797
0.0009160995832644403,1336.628173828125,0.0008656817954033613,15.863994598388672
0.0009184515802189708,1098.4381103515625,0.0008592290105298162,16.59616470336914
0.0009070380474440753,1790.90185546875,0.0008368929848074913,16.6119327545166
0.0008983882726170123,1426.48486328125,0.000810943660326302,16.626466751098633
0.000903240405023098,1407.984375,0.0008425944251939654,17.981260299682617
0.0009124515345320106,1865.698486328125,0.0009680834482423961,16.248477935791016
0.0008967368048615754,1645.7818603515625,0.0008544723968952894,16.63042640686035
0.0009125657961703837,2029.00537109375,0.0008500008261762559,17.020952224731445
0.000904405489563942,869.10595703125,0.0008821676019579172,16.92314910888672
0.0009076771093532443,1747.634521484375,0.0008833808824419975,16.602746963500977
0.0009072028915397823,2022.7279052734375,0.0008157079573720694,16.978717803955078
0.0009045467595569789,1292.4398193359375,0.0008657859289087355,17.12581443786621
0.0009117191075347364,1494.48291015625,0.0008699997561052442,16.520902633666992
0.0009104407508857548,1588.884521484375,0.0008947261376306415,16.433618545532227
0.0008988251793198287,2197.458251953125,0.0008059223764576018,16.691572189331055
0.000893288932275027,1519.880126953125,0.0008275100262835622,17.328706741333008
0.0008942012209445238,1490.63427734375,0.000883059052284807,17.580286026000977
0.0009019204881042242,1854.202392578125,0.0008457183139398694,18.08086585998535
0.0008964068256318569,1778.125,0.000818189000710845,16.406557083129883
0.0008929952746257186,1118.828125,0.000820077140815556,16.142133712768555
0.000903839070815593,1322.114501953125,0.0008141552680172026,16.489139556884766
0.0009028643253259361,2066.604736328125,0.0008549012709408998,16.631473541259766
0.0009029228240251541,1049.8603515625,0.000827865966130048,16.643367767333984
0.0008958278922364116,1885.0714111328125,0.0008273239363916218,17.934694290161133
0.0008905329741537571,1020.7311401367188,0.0008249817183241248,16.68740463256836
0.0008898416417650878,1284.162841796875,0.0008194098481908441,17.075712203979492
0.0008853988838382065,1881.7950439453125,0.0008499312098138034,17.613391876220703
0.0008959020487964153,2155.247802734375,0.0008153611561283469,16.862533569335938
0.0008918643579818308,1471.7943115234375,0.000853999110404402,15.950725555419922
0.0009026002371683717,1593.58447265625,0.0008329230477102101,16.335012435913086
0.0008940200204961002,1241.92431640625,0.0007955581531859934,16.084213256835938
0.000892436015419662,1825.952392578125,0.0008280278998427093,17.502235412597656
0.0008919074316509068,1519.063720703125,0.0008034216589294374,16.803857803344727
0.0009068899089470506,2035.50634765625,0.0008186092600226402,16.656585693359375
0.0008948546019382775,1334.028564453125,0.0008528913022018969,16.226760864257812
0.0008951511699706316,1417.647705078125,0.0007956780609674752,16.898609161376953
0.0008912998018786311,1069.5924072265625,0.0008169151260517538,16.556310653686523
0.0008813227759674191,1763.255859375,0.0008838387439027429,18.44505500793457
0.0008935451623983681,1098.1973876953125,0.000881090119946748,17.20900535583496
0.0008811573497951031,2381.141357421875,0.0008110417984426022,16.20676612854004
0.0008997995173558593,2076.71630859375,0.0008307343814522028,17.13290023803711
0.0008957735844887793,1985.8446044921875,0.0007925525424070656,15.995031356811523
0.0008952243370003998,1183.1861572265625,0.0008452876354567707,17.77863883972168
0.0008954016957432032,1069.498291015625,0.0008280095062218606,17.13633918762207
0.0008982457802630961,1295.9412841796875,0.0008401080267503858,17.22773551940918
0.0008863178081810474,1534.3349609375,0.0008275142754428089,15.922686576843262
0.0008900961256586015,1099.6658935546875,0.0008539939881302416,16.3448429107666
0.0008940038969740272,1578.565185546875,0.0007949966820888221,16.15707778930664
0.0008961579878814518,1696.5919189453125,0.0008468279265798628,17.135055541992188
0.0008871229365468025,1277.6510009765625,0.0008677568403072655,17.796384811401367
